date,read,link
1월 1일,창세기 1-5장,https://www.youtube.com/playlist?list=PL-MVshquUXWHipi5sSMqiQgrkA0vuZd6t
1월 2일,창세기 6-11장,https://www.youtube.com/playlist?list=PL-MVshquUXWHkLnCMMUhpA_7nfihc2xUq
1월 3일,창세기 12-17장,https://www.youtube.com/playlist?list=PL-MVshquUXWFDFVra9uf7lIwhazESW5CR
1월 4일,창세기 18-21장,https://www.youtube.com/playlist?list=PL-MVshquUXWGRzTuQjU-lxZb0ujAdGAJ7
1월 5일,창세기 22-25장,https://www.youtube.com/playlist?list=PL-MVshquUXWFtjKBXzIteT0XzrhB2XaYC
1월 6일,창세기 26-29장,https://www.youtube.com/playlist?list=PL-MVshquUXWGIWNL1ygzFOaUb9PEQXIfP
1월 8일,창세기 30-33장,https://www.youtube.com/playlist?list=PL-MVshquUXWF4-0i5jfIVyVM0ibB1su_Q
1월 9일,창세기 34-37장,https://www.youtube.com/playlist?list=PL-MVshquUXWGOiPoskBEwq9WFwkYr7J_r
1월 10일,창세기 38-42장,https://www.youtube.com/playlist?list=PL-MVshquUXWHFcRvskk3pLXA_jU4OEABr
1월 11일,창세기 43-46장,https://www.youtube.com/playlist?list=PL-MVshquUXWGr3hefhEhTAzgpB9ex8jMb
1월 12일,창세기 47-50장,https://www.youtube.com/playlist?list=PL-MVshquUXWFKZs6UCPvicM881z4NuqTr
1월 13일,출애굽기 1-5장,https://www.youtube.com/playlist?list=PL-MVshquUXWF40ZbG-OVj0zV_9-THclzr
1월 15일,출애굽기 6-10장,https://www.youtube.com/playlist?list=PL-MVshquUXWFhvG7OCGfOod0Sqe1oo84D
1월 16일,출애굽기 11-15장,https://www.youtube.com/playlist?list=PL-MVshquUXWEMOejijcgJAR0sprj5QzmU
1월 17일,출애굽기 16-20장,https://www.youtube.com/playlist?list=PL-MVshquUXWG2UAl7zrlT1gBCUOXLQp3g
1월 18일,출애굽기 21-25장,https://www.youtube.com/playlist?list=PL-MVshquUXWGuuNmdiKI1csh4EksMkpQ7
1월 19일,출애굽기 26-30장,https://www.youtube.com/playlist?list=PL-MVshquUXWHAmmX9J3hzoWLo7xlZI_bi
1월 20일,출애굽기 31-35장,https://www.youtube.com/playlist?list=PL-MVshquUXWFxlycQKkhc5C_C7ZSqrHTg
1월 22일,출애굽기 36-40장,https://www.youtube.com/playlist?list=PL-MVshquUXWFok6cuzQPXx24APT7B8nyL
1월 23일,레위기 1-5장,https://www.youtube.com/playlist?list=PL-MVshquUXWEnEAmOA_hJDmjcSmz17OBs
1월 24일,레위기 6-10장,https://www.youtube.com/playlist?list=PL-MVshquUXWH9son0UoeZ7YexVZZg7QTu
1월 25일,레위기 11-13장,https://www.youtube.com/playlist?list=PL-MVshquUXWEp9cLjNRK7Ys2JXiqdoikm
1월 26일,레위기 14-18장,https://www.youtube.com/playlist?list=PL-MVshquUXWHJONU8VGmWKCR8KgvkMCGq
1월 27일,레위기 19-23장,https://www.youtube.com/playlist?list=PL-MVshquUXWEiOyts5zpzAhhVwqcVM7yj
1월 29일,레위기 24-27장,https://www.youtube.com/playlist?list=PL-MVshquUXWHqtKeSJ-FJdt8pZVEjYFeM
1월 30일,민수기 1-3장,https://www.youtube.com/playlist?list=PL-MVshquUXWEpz-9bD64BV5ZlduYNO6Nm
1월 31일,민수기 4-6장,https://www.youtube.com/playlist?list=PL-MVshquUXWFd3QBcZUGS09e0ydTiBXCq
2월 1일,민수기 7장-10:10절,https://www.youtube.com/playlist?list=PL-MVshquUXWEPIAklZ8xtznI2hHjItnLv
2월 2일,민수기 10:11절-14장,https://www.youtube.com/playlist?list=PL-MVshquUXWF2nLAkEmXwWS8j4BfUj-hK
2월 3일,민수기 15-19장,https://www.youtube.com/playlist?list=PL-MVshquUXWFLGjfec-YFtdjWwgCm9A2B
2월 5일,민수기 20-24장,https://www.youtube.com/playlist?list=PL-MVshquUXWFi6NzkrcyxU00kLymZEmqS
2월 6일,민수기 25-30장,https://www.youtube.com/playlist?list=PL-MVshquUXWE2IBPkwnOHujeNSFQqKXDX
2월 7일,민수기 31-36장,https://www.youtube.com/playlist?list=PL-MVshquUXWEZbHyUrZwfDrLMLfitcqHN
2월 8일,신명기 1-4장,https://www.youtube.com/playlist?list=PL-MVshquUXWHjXR_qmOPQvgFr3OFD4_S5
2월 9일,신명기 5-9장,https://www.youtube.com/playlist?list=PL-MVshquUXWHXZF9ds1ZO1_Ya5q3VYwAP
2월 10일,신명기 10-14장,https://www.youtube.com/playlist?list=PL-MVshquUXWGexHQM8FMgjI-Oaq7KUPke
2월 12일,신명기 15-18장,https://www.youtube.com/playlist?list=PL-MVshquUXWGFfTfMA15IM496YoYmhTFk
2월 13일,신명기 19-22장,https://www.youtube.com/playlist?list=PL-MVshquUXWE12FGqi0x247BXz2O2g6pK
2월 14일,신명기 23-26장,https://www.youtube.com/playlist?list=PL-MVshquUXWGvgwflKYo5DXcZGId0C74h
2월 15일,신명기 27-30장,https://www.youtube.com/playlist?list=PL-MVshquUXWHTth1Bh4eeyd2B2jDIVWXf
2월 16일,"신명기 31-34장, 시편 90편 ",https://www.youtube.com/playlist?list=PL-MVshquUXWHrPQsRvsfXnKyVx_S2oC9g
2월 17일,여호수아 1-4장,https://www.youtube.com/playlist?list=PL-MVshquUXWH5W7z5iHdlr4kPCiNTjY4O
2월 19일,여호수아 5-8장,https://www.youtube.com/playlist?list=PL-MVshquUXWEAgTRgqP_UIEkSA2s9fs3_
2월 20일,여호수아 9-12장,https://www.youtube.com/playlist?list=PL-MVshquUXWFdwQvTn_7sLk_8nbZDgH7O
2월 21일,여호수아 13-17장,https://www.youtube.com/playlist?list=PL-MVshquUXWG0D1xWy198CF3n9gQW86ul
2월 22일,여호수아 18-21장,https://www.youtube.com/playlist?list=PL-MVshquUXWFhjNhdc534ntAXMbLqr8uQ
2월 23일,여호수아 22-24장,https://www.youtube.com/playlist?list=PL-MVshquUXWGQSNRvUFBhJnzsgtCs3q6s
2월 24일,사사기 1-3장,https://www.youtube.com/playlist?list=PL-MVshquUXWHaigGoWTMRuO2QgXnOxgH0
2월 26일,사사기 4-6장,https://www.youtube.com/playlist?list=PL-MVshquUXWGq72-LIOjv7D3dWaNktnob
2월 27일,사사기 7-9장,https://www.youtube.com/playlist?list=PL-MVshquUXWGc6524kwZViHK8EGvAjaKN
2월 28일,사사기 10-13장,https://www.youtube.com/playlist?list=PL-MVshquUXWFeJy_H-bUM28B6rnB7EDG2
2월 29일,사사기 14-17장,https://www.youtube.com/playlist?list=PL-MVshquUXWFsm3wMZQymklSE9mnEUobv
3월 1일,사사기 18-21장,https://www.youtube.com/playlist?list=PL-MVshquUXWFrfi2XUApd2w7y-Pa67OeT
3월 2일,룻기 1-4장,https://www.youtube.com/playlist?list=PL-MVshquUXWEGSf1hyqSEpVkohVXRwirD
3월 4일,사무엘상 1-5장,https://www.youtube.com/playlist?list=PL-MVshquUXWEf2Kte9ep7rhts3qTQGsvT
3월 5일,사무엘상 6-10장,https://www.youtube.com/playlist?list=PL-MVshquUXWEEDMblVDmq9YFt8Nw9pITE
3월 6일,사무엘상 11-14장,https://www.youtube.com/playlist?list=PL-MVshquUXWEHdJZusTortP1OhO9FDx0A
3월 7일,"사무엘상 15-19장, 시편 59편 ",https://www.youtube.com/playlist?list=PL-MVshquUXWE_c4C-ttVGU6Qqnd9yvolH
3월 8일,"사무엘상 20-21장, 시편 34편, 사무엘상 22장, 시편 52편 ",https://www.youtube.com/playlist?list=PL-MVshquUXWEw-naBV11vI6CDgxYcqGFK
3월 9일,"사무엘상 23-24장, 시편 57편, 사무엘상 25-26장, 시편 54편 ",https://www.youtube.com/playlist?list=PL-MVshquUXWE2N63G3fGr2XMV-u_hwqvT
3월 11일,사무엘상 27-31장,https://www.youtube.com/playlist?list=PL-MVshquUXWGVqi1jfuPH_yrrdKuvh4VI
3월 12일,사무엘하 1장-5:5절,https://www.youtube.com/playlist?list=PL-MVshquUXWFtMkFGVaXaMt-cEmMZzthw
3월 13일,사무엘하 5:6절-10장,https://www.youtube.com/playlist?list=PL-MVshquUXWE4KP-5D3O_cXhJS6F37oWq
3월 14일,"사무엘하 11-12장, 시편 51편, 사무엘하 13-14장 ",https://www.youtube.com/playlist?list=PL-MVshquUXWEKUvRoYprfC2_Co3J-yHSE
3월 15일,"사무엘하 15장, 시편 3편, 사무엘하 16-19장 ",https://www.youtube.com/playlist?list=PL-MVshquUXWH4267qBuh0J20k2h8Ih9Ez
3월 16일,사무엘하 20-24장,https://www.youtube.com/playlist?list=PL-MVshquUXWH358G9vt0diRCvVytCGdpO
3월 18일,열왕기상 1-3장,https://www.youtube.com/playlist?list=PL-MVshquUXWFKkQM-Q_PmCIUFyw4PK7po
3월 19일,열왕기상 4-7장,https://www.youtube.com/playlist?list=PL-MVshquUXWF19JwtrHx1Q2HM7Qe0x7z2
3월 20일,열왕기상 8-10장,https://www.youtube.com/playlist?list=PL-MVshquUXWGn7D0qwp0VeGPAU-4fLNQx
3월 21일,잠언 1-5장,https://www.youtube.com/playlist?list=PL-MVshquUXWEtB9h00vwBDXay5Smd4Ixq
3월 22일,잠언 6-10장,https://www.youtube.com/playlist?list=PL-MVshquUXWFT5_Fx246VHVb9P-BL_YWo
3월 23일,잠언 11-16장,https://www.youtube.com/playlist?list=PL-MVshquUXWFOYXNRxQa7V67jSiClmcMC
3월 25일,잠언 17-21장,https://www.youtube.com/playlist?list=PL-MVshquUXWHJPl78WmclxaP4yZhb2HJY
3월 26일,잠언 22-26장,https://www.youtube.com/playlist?list=PL-MVshquUXWFCspyNuE-2pyWFlVq5kweI
3월 27일,잠언 27-31장,https://www.youtube.com/playlist?list=PL-MVshquUXWEpnn_900Z3J7uy02pqAhvZ
3월 28일,아가서 1-4장,https://www.youtube.com/playlist?list=PL-MVshquUXWHZBfB-veh9rzBhjsqDVjuS
3월 29일,아가서 5-8장,https://www.youtube.com/playlist?list=PL-MVshquUXWHaSUlm3ZYPu31vgQyMo9xG
3월 30일,"열왕기상 11장, 전도서 1-3장 ",https://www.youtube.com/playlist?list=PL-MVshquUXWF7s7DsOwCPTLkGXXxC-Ptd
4월 1일,전도서 4-7장,https://www.youtube.com/playlist?list=PL-MVshquUXWHQeEqTAlil2fPaAdsFkSca
4월 2일,전도서 8-12장,https://www.youtube.com/playlist?list=PL-MVshquUXWGPDT0ViIBT90Lt4B0ftCvp
4월 3일,욥기 1-5장,https://www.youtube.com/playlist?list=PL-MVshquUXWEWg28kuqB0OifbNcQF0CCU
4월 4일,욥기 6-10장,https://www.youtube.com/playlist?list=PL-MVshquUXWErt5V1aTy-jat5yHqe_yoF
4월 5일,욥기 11-14장,https://www.youtube.com/playlist?list=PL-MVshquUXWH7BPUVw-k935AdEanNIc0y
4월 6일,욥기 15-19장,https://www.youtube.com/playlist?list=PL-MVshquUXWEMONF_-tAEMmoQkMaJcqI4
4월 8일,욥기 20-24장,https://www.youtube.com/playlist?list=PL-MVshquUXWHb_ddyFGLf3wIDUysUrBMU
4월 9일,욥기 25-28장,https://www.youtube.com/playlist?list=PL-MVshquUXWEp2AKrOBZuxU-4inNewbTt
4월 10일,욥기 29-31장,https://www.youtube.com/playlist?list=PL-MVshquUXWEw0luCqWtFX2YijEYTjidH
4월 11일,욥기 32-37장,https://www.youtube.com/playlist?list=PL-MVshquUXWE3WuXC44TJuYG-C4V4CnSL
4월 12일,욥기 38-42장,https://www.youtube.com/playlist?list=PL-MVshquUXWGb5_B2ZBd3Za8tc61-Jtcu
4월 13일,"시편 1-2,4-9편 ",https://www.youtube.com/playlist?list=PL-MVshquUXWFcLJ34ajg7_I0OQREP2Gy-
4월 15일,시편 10-16편,https://www.youtube.com/playlist?list=PL-MVshquUXWFNDCaV2gusHbDLhLAFlO2W
4월 16일,시편 17-21편,https://www.youtube.com/playlist?list=PL-MVshquUXWHJcx978GEJePMHnoaMw9YY
4월 17일,시편 22-26편,https://www.youtube.com/playlist?list=PL-MVshquUXWGMuTiu9vB7rc1I9utZJi3H
4월 18일,시편 27-31편,https://www.youtube.com/playlist?list=PL-MVshquUXWFn4YVi4TYZqc5dYAtM7_AG
4월 19일,"시편 32-33,35-36편 ",https://www.youtube.com/playlist?list=PL-MVshquUXWFzRAbLg2736GcKUcc4gyk_
4월 20일,시편 37-41편,https://www.youtube.com/playlist?list=PL-MVshquUXWH-2MwQcoCwHl8I5HUp29Y4
4월 22일,"시편 42-50,53편 ",https://www.youtube.com/playlist?list=PL-MVshquUXWGIw2u2um-HwftRPbRSxeB9
4월 23일,"시편 55-56,58,60-63편 ",https://www.youtube.com/playlist?list=PL-MVshquUXWE6C2AtCuiN9N2HYPEi29qB
4월 24일,시편 64-69편,https://www.youtube.com/playlist?list=PL-MVshquUXWENJVA4-9BHEW2PoDl5clMh
4월 25일,시편 70-75편,https://www.youtube.com/playlist?list=PL-MVshquUXWEk0-FUhrUmtIspbwXeTuLL
4월 26일,시편 76-79편,https://www.youtube.com/playlist?list=PL-MVshquUXWHIrtI1SNoC_uhdEK_6x27x
4월 27일,시편 80-85편,https://www.youtube.com/playlist?list=PL-MVshquUXWFL627nnXiOpzSw5H3WPaGz
4월 29일,시편 86-89편,https://www.youtube.com/playlist?list=PL-MVshquUXWH8ukiHdkp6yGsVt-0qfG2C
4월 30일,시편 91-94편,https://www.youtube.com/playlist?list=PL-MVshquUXWFzCRaP1IGkVS2jPMjZFOKE
5월 1일,시편 95-98편,https://www.youtube.com/playlist?list=PL-MVshquUXWFnG0DK9PKIbnVs6PWjCV1S
5월 2일,시편 99-103편,https://www.youtube.com/playlist?list=PL-MVshquUXWGWteJSORxJALD1VZy4jrIu
5월 3일,시편 104-108편,https://www.youtube.com/playlist?list=PL-MVshquUXWEQZU4csWCtT5Ad-8xdwn0h
5월 4일,시편 109-113편,https://www.youtube.com/playlist?list=PL-MVshquUXWEhN5pONEia9TlaGE0xA6a-
5월 6일,시편 114-118편,https://www.youtube.com/playlist?list=PL-MVshquUXWGADdDn_kxzRSX802z99isv
5월 7일,시편 119편,https://www.youtube.com/playlist?list=PL-MVshquUXWG4naJfrubARbgzz4_8Eux8
5월 8일,시편 120-134편,https://www.youtube.com/playlist?list=PL-MVshquUXWEBbUhl4ZmDHhjyh-iMRMTm
5월 9일,시편 135-142편,https://www.youtube.com/playlist?list=PL-MVshquUXWETkrBCyGLfJlEIn9Rfwd2R
5월 10일,시편 143-150편,https://www.youtube.com/playlist?list=PL-MVshquUXWHOL50F-PxWdn29FYyjZ3GC
5월 11일,열왕기상 12-14장,https://www.youtube.com/playlist?list=PL-MVshquUXWGW_OPekV1NUUovQiJhX3ag
5월 13일,왕상 15장-16:20절,https://www.youtube.com/playlist?list=PL-MVshquUXWEq96mocr3IpiNdrS1Pw2Hm
5월 14일,왕상 16:21절-17장,https://www.youtube.com/playlist?list=PL-MVshquUXWHuVRSmUpwPdLth1q_Q8Rf-
5월 15일,열왕기상 18-19장,https://www.youtube.com/playlist?list=PL-MVshquUXWHaxYwaPzAwtqqB2UllRm5W
5월 16일,열왕기상 20-22장,https://www.youtube.com/playlist?list=PL-MVshquUXWHZlNUJYNSEJm4mCj1I37G_
5월 17일,열왕기하 1-2장,https://www.youtube.com/playlist?list=PL-MVshquUXWFXa6ybG1aTMlS3NEGgBHH3
5월 18일,열왕기하 3-5장,https://www.youtube.com/playlist?list=PL-MVshquUXWFBu_vKYdbkI9iydmhFC0N9
5월 20일,열왕기하 6-8장,https://www.youtube.com/playlist?list=PL-MVshquUXWGEYFu3di01q9zvteyn2KNb
5월 21일,열왕기하 9-10장,https://www.youtube.com/playlist?list=PL-MVshquUXWHxqpT-a0rwYIA9iEHjn78O
5월 22일,열왕기하 11-14장,https://www.youtube.com/playlist?list=PL-MVshquUXWGie2-yfLSmRwQcVH4o8Rgj
5월 23일,아모스 1-5장,https://www.youtube.com/playlist?list=PL-MVshquUXWFcYvxZemJ_azNDRVGQ-aoJ
5월 24일,아모스 6-9장,https://www.youtube.com/playlist?list=PL-MVshquUXWFVQ8cpWNlA-v8dTQaRHgwA
5월 25일,호세아 1-4장,https://www.youtube.com/playlist?list=PL-MVshquUXWGKsNLgyjpzH3T6En-RqTD7
5월 27일,호세아 5-9장,https://www.youtube.com/playlist?list=PL-MVshquUXWFz_UWj5nLHdQjD6HKBYfkU
5월 28일,호세아 10-14장,https://www.youtube.com/playlist?list=PL-MVshquUXWGIS4B5Xh7nbwqcwZfv9uHn
5월 29일,요나서 1-4장,https://www.youtube.com/playlist?list=PL-MVshquUXWGrBzaSKzwcDI2L14eLtbLS
5월 30일,열왕기하 15-16장,https://www.youtube.com/playlist?list=PL-MVshquUXWH6LE7_TcAPP1qtFp860gHF
5월 31일,열왕기하 17장-18:12절,https://www.youtube.com/playlist?list=PL-MVshquUXWEPg34gAUWTjdZ-BdJRXrlx
6월 1일,이사야 1-3장,https://www.youtube.com/playlist?list=PL-MVshquUXWGXYl0UU_fvfqCbkNVvi9DN
6월 3일,이사야 4-7장,https://www.youtube.com/playlist?list=PL-MVshquUXWHrfcqF-y-P66PJPwrTHPST
6월 4일,이사야 8-12장,https://www.youtube.com/playlist?list=PL-MVshquUXWHkE-ELEB7BPxhJ7uZCuA5C
6월 5일,이사야 13-17장,https://www.youtube.com/playlist?list=PL-MVshquUXWFH4uC0ueaL6RpcyQvX89ym
6월 6일,이사야 18-20장,https://www.youtube.com/playlist?list=PL-MVshquUXWGJUjFDy2fj-f3cPBzBjJfj
6월 7일,이사야 21-24장,https://www.youtube.com/playlist?list=PL-MVshquUXWFOGOt5fMj_0ULjVXaWOtgi
6월 8일,이사야 25-29장,https://www.youtube.com/playlist?list=PL-MVshquUXWEBOn0iJ1rp6ipmnghR6sYf
6월 10일,이사야 30-35장,https://www.youtube.com/playlist?list=PL-MVshquUXWHsuicsaiSFfONhpgJGtORW
6월 11일,"열왕기하 18:13절-37절, 이사야 36장 ",https://www.youtube.com/playlist?list=PL-MVshquUXWEp3Sh8pygCGYKP2DsP_eCJ
6월 12일,"열왕기하 19장, 이사야 37장 ",https://www.youtube.com/playlist?list=PL-MVshquUXWE5HKBz4mccuBctp97_3-rB
6월 13일,"열왕기하 20장, 이사야 38-39장 ",https://www.youtube.com/playlist?list=PL-MVshquUXWG5W0Yfhja0ZcQKW0NHDdzk
6월 14일,이사야 40-42장,https://www.youtube.com/playlist?list=PL-MVshquUXWH1KBK-azqjd0CrHIDyg_3D
6월 15일,이사야 43-45장,https://www.youtube.com/playlist?list=PL-MVshquUXWHrTjlQOE_1khdtM7OX7Fia
6월 17일,이사야 46-48장,https://www.youtube.com/playlist?list=PL-MVshquUXWECPxRDp6R_sYdDCuOkFqs6
6월 18일,이사야 49-51장,https://www.youtube.com/playlist?list=PL-MVshquUXWFSPm8OT9ZnDg2F13REy007
6월 19일,이사야 52-54장,https://www.youtube.com/playlist?list=PL-MVshquUXWHCmQHUcASGku7qip-ynFIx
6월 20일,이사야 55-57장,https://www.youtube.com/playlist?list=PL-MVshquUXWHF63B3GN9okvAP8_JErsIW
6월 21일,이사야 58-60장,https://www.youtube.com/playlist?list=PL-MVshquUXWHptqFlLYwieebQGUKXSqCQ
6월 22일,이사야 61-63장,https://www.youtube.com/playlist?list=PL-MVshquUXWGva9wnwmYml8nOXCx0-iy-
6월 24일,이사야 64-66장,https://www.youtube.com/playlist?list=PL-MVshquUXWHXeE49Q_XjcuVgwutuRiP_
6월 25일,미가 1-3장,https://www.youtube.com/playlist?list=PL-MVshquUXWFwOS_TW71oQr-2DgPOAMuo
6월 26일,미가 4-7장,https://www.youtube.com/playlist?list=PL-MVshquUXWGi28WDVKenvJuGhKqT1ja8
6월 27일,열왕기하 21-23장,https://www.youtube.com/playlist?list=PL-MVshquUXWHueY61gMzvSPDmAs60MNXw
6월 28일,스바냐 1-3장,https://www.youtube.com/playlist?list=PL-MVshquUXWHHnlPCcWtNt6TNvQz6-xiw
6월 29일,하박국 1-3장,https://www.youtube.com/playlist?list=PL-MVshquUXWGU3qPdv6_f6geUMhWrh4Pl
7월 1일,나훔 1-3장,https://www.youtube.com/playlist?list=PL-MVshquUXWHz7BkfSig1qMxz26VxjgEf
7월 2일,요엘 1-3장,https://www.youtube.com/playlist?list=PL-MVshquUXWHp0iBvGsNHlPee11yquKnD
7월 3일,"열왕기하 24장, 예레미야 1-3장",https://www.youtube.com/playlist?list=PL-MVshquUXWG8Ls2mYsxwZ-v3fojaoHM7
7월 4일,예레미야 4-6장,https://www.youtube.com/playlist?list=PL-MVshquUXWGuU0LviD70tyDImalolXz7
7월 5일,예레미야 7-9장,https://www.youtube.com/playlist?list=PL-MVshquUXWFpHxIqidj8cgfShS5yja9J
7월 6일,예레미야 10-13장,https://www.youtube.com/playlist?list=PL-MVshquUXWF1Cv060w0TRXVIMJKfUVXt
7월 8일,예레미야 14-16장,https://www.youtube.com/playlist?list=PL-MVshquUXWE4TxxsEpg-_rmDF5YGcDV1
7월 9일,예레미야 17-20장,https://www.youtube.com/playlist?list=PL-MVshquUXWF11bDu6EU-DOEu7tDMmksc
7월 10일,예레미야 21-23장,https://www.youtube.com/playlist?list=PL-MVshquUXWETjnSoLpiOi4ARPPDwDrGn
7월 11일,예레미야 24-25장,https://www.youtube.com/playlist?list=PL-MVshquUXWFD9S51SO1yI0rTyA-2DIB2
7월 12일,예레미야 26-28장,https://www.youtube.com/playlist?list=PL-MVshquUXWFRpPB6zNVZoiGOAVVsdHBj
7월 13일,예레미야 29-31장,https://www.youtube.com/playlist?list=PL-MVshquUXWFNX6zqDykEogWiWeDRieUL
7월 15일,예레미야 32-33장,https://www.youtube.com/playlist?list=PL-MVshquUXWFUUesZ3gWetuLSq4r5pe10
7월 16일,예레미야 34-36장,https://www.youtube.com/playlist?list=PL-MVshquUXWEGCANGrp9esVU0_zY5zmMK
7월 17일,예레미야 37-38장,https://www.youtube.com/playlist?list=PL-MVshquUXWEa7flSOD8oVJ0vRouJdsDU
7월 18일,"열왕기하 25장, 예레미야 39-41장 ",https://www.youtube.com/playlist?list=PL-MVshquUXWGtnl67wrTlm2ukybpzgL1J
7월 19일,예레미야 42-45장,https://www.youtube.com/playlist?list=PL-MVshquUXWEGVk0FKxX6IUygbFu8mn8m
7월 20일,예레미야 46-48장,https://www.youtube.com/playlist?list=PL-MVshquUXWG95DOwvbPARR_b3MgGSGSt
7월 22일,예레미야 49-52장,https://www.youtube.com/playlist?list=PL-MVshquUXWGFVaTHgwwoMRjpuOwXMl6v
7월 23일,애가 1-2장,https://www.youtube.com/playlist?list=PL-MVshquUXWEgDhKanMNbfbM2HmaJOOb5
7월 24일,애가 3-5장,https://www.youtube.com/playlist?list=PL-MVshquUXWHL745qZqzFnWrH9eKDKspi
7월 25일,오바댜 1장,https://www.youtube.com/playlist?list=PL-MVshquUXWF2KjkIKcuVoUcZSVCocYcn
7월 26일,역대상 1-3장,https://www.youtube.com/playlist?list=PL-MVshquUXWEmFPA236OeBDaRyf4cbps-
7월 27일,역대상 4-5장,https://www.youtube.com/playlist?list=PL-MVshquUXWFT33x0zt3Sbb-igTz92hqI
7월 29일,역대상 6-9장,https://www.youtube.com/playlist?list=PL-MVshquUXWEhf8WCvLSQHVtC7Zcz5qQX
7월 30일,역대상 10-12장,https://www.youtube.com/playlist?list=PL-MVshquUXWE9oXA4w3a4v7oBz1elcHni
7월 31일,역대상 13-16장,https://www.youtube.com/playlist?list=PL-MVshquUXWHq-Wq-qc1zmmRSA6Sr1oBH
8월 1일,역대상 17-20장,https://www.youtube.com/playlist?list=PL-MVshquUXWH_40C8s2UUCutuzxiRROXu
8월 2일,역대상 21-22장,https://www.youtube.com/playlist?list=PL-MVshquUXWE1zdEjXbzwxXjmTlzKeD5R
8월 3일,역대상 23-26장,https://www.youtube.com/playlist?list=PL-MVshquUXWG6qg_3L3aN0d7NCo24RC4U
8월 5일,역대상 27-29장,https://www.youtube.com/playlist?list=PL-MVshquUXWH6wYC8asb13uYXw6lr2UAd
8월 6일,역대하 1-4장,https://www.youtube.com/playlist?list=PL-MVshquUXWE5OrCM6GaRsrwBPa1cXYvi
8월 7일,역대하 5-7장,https://www.youtube.com/playlist?list=PL-MVshquUXWEC_YYAvsu50ocrDwksMkAs
8월 8일,역대하 8-9장,https://www.youtube.com/playlist?list=PL-MVshquUXWGZN6W835w6mbj_geoHSSu-
8월 9일,역대하 10-13장,https://www.youtube.com/playlist?list=PL-MVshquUXWHILUuCq3LR6p1zDmVAk8Yi
8월 10일,역대하 14-17장,https://www.youtube.com/playlist?list=PL-MVshquUXWFVQJyFwr4Pf7peU_xaPKvj
8월 12일,역대하 18-22장,https://www.youtube.com/playlist?list=PL-MVshquUXWGJE1lky2fCy6QvMyfQAsea
8월 13일,역대하 23-25장,https://www.youtube.com/playlist?list=PL-MVshquUXWEpRvwJdcB2u1pR_BOM8egX
8월 14일,역대하 26-28장,https://www.youtube.com/playlist?list=PL-MVshquUXWEY6jLktmSbGmi64ZuIA6Od
8월 15일,역대하 29-31장,https://www.youtube.com/playlist?list=PL-MVshquUXWHYw5ZgpONHoqExP973sJet
8월 16일,역대하 32-33장,https://www.youtube.com/playlist?list=PL-MVshquUXWEUOVcN-_i8kTRPBsbWIJOt
8월 17일,역대하 34-36장,https://www.youtube.com/playlist?list=PL-MVshquUXWHy3Qo7kxrdn8xqlWCseI5E
8월 19일,에스겔 1-3장,https://www.youtube.com/playlist?list=PL-MVshquUXWFEJJiiY98wclynz9esHgS1
8월 20일,에스겔 4-7장,https://www.youtube.com/playlist?list=PL-MVshquUXWEqMyIIoDGr1UG1383R4HoS
8월 21일,에스겔 8-11장,https://www.youtube.com/playlist?list=PL-MVshquUXWHBqj5py7-Fljjl4nRBnyJq
8월 22일,에스겔 12-14장,https://www.youtube.com/playlist?list=PL-MVshquUXWH_GobxM3d6bAugNv2GmE73
8월 23일,에스겔 15-17장,https://www.youtube.com/playlist?list=PL-MVshquUXWHLm7PAIaBFu9GUJ4sFaVnV
8월 24일,에스겔 18-20장,https://www.youtube.com/playlist?list=PL-MVshquUXWHa5uxkpBLWsPFZ9-DZ-IbL
8월 26일,에스겔 21-22장,https://www.youtube.com/playlist?list=PL-MVshquUXWFx6D9WGWWSpYXNNALBRxAN
8월 27일,에스겔 23-24장,https://www.youtube.com/playlist?list=PL-MVshquUXWF-Nl9EKAU-_n0zZe_Wj_23
8월 28일,에스겔 25-28장,https://www.youtube.com/playlist?list=PL-MVshquUXWGekCpFE9w-3uvzz3qs88j9
8월 29일,에스겔 29-32장,https://www.youtube.com/playlist?list=PL-MVshquUXWF3tHMeus1aofLRqxj_DKOh
8월 30일,에스겔 33-35장,https://www.youtube.com/playlist?list=PL-MVshquUXWExGq0Pq_nEFJeB89Wvb4kc
8월 31일,에스겔 36-37장,https://www.youtube.com/playlist?list=PL-MVshquUXWGC1YOHDH-CdLPC6pEd5IoZ
9월 2일,에스겔 38-39장,https://www.youtube.com/playlist?list=PL-MVshquUXWFvO4tJiMvNzPS0TaFhIJOy
9월 3일,에스겔 40-41장,https://www.youtube.com/playlist?list=PL-MVshquUXWECjdaU7_1Frs7lD3JuoS1_
9월 4일,에스겔 42-43장,https://www.youtube.com/playlist?list=PL-MVshquUXWFt30G1QMc4BR_23oFE3Spb
9월 5일,에스겔 44-46장,https://www.youtube.com/playlist?list=PL-MVshquUXWGXhRFtCcI6hFLLkVgpFsg4
9월 6일,에스겔 47-48장,https://www.youtube.com/playlist?list=PL-MVshquUXWE-b3NceInhUZdbK22r6uDl
9월 7일,다니엘 1-2장,https://www.youtube.com/playlist?list=PL-MVshquUXWFdeBxlsKHz6pWRmN9vC85o
9월 9일,다니엘 3-4장,https://www.youtube.com/playlist?list=PL-MVshquUXWF4M86yalCK1Qg9u4BV9_BQ
9월 10일,다니엘 5-6장,https://www.youtube.com/playlist?list=PL-MVshquUXWEg0Qjmp6a17_GlCNsTzxf7
9월 11일,다니엘 7-9장,https://www.youtube.com/playlist?list=PL-MVshquUXWGatrvJ_Cgl60ThNSZTjdIq
9월 12일,다니엘 10-12장,https://www.youtube.com/playlist?list=PL-MVshquUXWHTmLOfLf030CPpEKR0QnkG
9월 13일,에스라 1-2장,https://www.youtube.com/playlist?list=PL-MVshquUXWEoouR1ZwWGd9sH4oQbH5CF
9월 14일,에스라 3-4장,https://www.youtube.com/playlist?list=PL-MVshquUXWGNZnyi7zXNXcJLVfUzh0bj
9월 16일,학개 1-2장,https://www.youtube.com/playlist?list=PL-MVshquUXWGLHUO5uDGZVQhU3IgVhBOE
9월 17일,스가랴 1-6장,https://www.youtube.com/playlist?list=PL-MVshquUXWFQs1Ckq5xu2hNR6h5Oc4UR
9월 18일,스가랴 7-10장,https://www.youtube.com/playlist?list=PL-MVshquUXWG8vm4n0o1ZDQCSFFibDW-1
9월 19일,스가랴 11-14장,https://www.youtube.com/playlist?list=PL-MVshquUXWHyT4Uio67Jfmyd70kmgvZJ
9월 20일,에스라 5-6장,https://www.youtube.com/playlist?list=PL-MVshquUXWG0_jLGYCFWKogjCAWzkvv6
9월 21일,에스더 1-3장,https://www.youtube.com/playlist?list=PL-MVshquUXWFDGF_AD5lHTaycoAz9uxI1
9월 23일,에스더 4-6장,https://www.youtube.com/playlist?list=PL-MVshquUXWGNAua5pW-FUBBl4KZfTccb
9월 24일,에스더 7-10장,https://www.youtube.com/playlist?list=PL-MVshquUXWGjcpJtb4RzxDrcZAAPcMvb
9월 25일,에스라 7-8장,https://www.youtube.com/playlist?list=PL-MVshquUXWGXIv3GhlJF9T3sACaodoyA
9월 26일,에스라 9-10장,https://www.youtube.com/playlist?list=PL-MVshquUXWE9I3K7lJmVcsUTAWdcGTON
9월 27일,느헤미야 1-3장,https://www.youtube.com/playlist?list=PL-MVshquUXWFN2EV2Utgutl7S0iPmIOuE
9월 28일,느헤미야 4-7장,https://www.youtube.com/playlist?list=PL-MVshquUXWGndLv7H9jl-_zLOL7Nws6Y
9월 30일,느헤미야 8-10장,https://www.youtube.com/playlist?list=PL-MVshquUXWGFptQUVZEv70S0ZF2rGviW
10월 1일,느헤미야 11-13장,https://www.youtube.com/playlist?list=PL-MVshquUXWFf5AKAOgmYrmY9lM1ybMNy
10월 2일,말라기 1-4장,https://www.youtube.com/playlist?list=PL-MVshquUXWGj-4FRbe4t1zNWmByQ9x52
10월 3일,마태복음 1-5장,https://www.youtube.com/playlist?list=PL-MVshquUXWEVt41yX_ov1ImqzLkIZxkx
10월 4일,마태복음 6-10장,https://www.youtube.com/playlist?list=PL-MVshquUXWH4Mfzn9GBJPQqb0JKgOf6Q
10월 5일,마태복음 11-15장,https://www.youtube.com/playlist?list=PL-MVshquUXWHaCUEJXUCEqQLQ4dEcsWPT
10월 7일,마태복음 16-20장,https://www.youtube.com/playlist?list=PL-MVshquUXWEXb4CT3j8vDdYZUw43J0EI
10월 8일,마태복음 21-24장,https://www.youtube.com/playlist?list=PL-MVshquUXWFFK0nU4F5iRSwTOlk8IvQo
10월 9일,마태복음 25-28장,https://www.youtube.com/playlist?list=PL-MVshquUXWHIARB-9KfP8E0rGSVygat1
10월 10일,마가복음 1-5장,https://www.youtube.com/playlist?list=PL-MVshquUXWFJ9lc3NUGIDiHXLEC081sU
10월 11일,마가복음 6-10장,https://www.youtube.com/playlist?list=PL-MVshquUXWGQE0VwCKTEwwVcVibNsXb7
10월 12일,마가복음 11-16장,https://www.youtube.com/playlist?list=PL-MVshquUXWGL1k2CtjxnR6ZPHeiAyTN7
10월 14일,누가복음 1-6장,https://www.youtube.com/playlist?list=PL-MVshquUXWFbaJoRMJ3DMeHQ7KNnlg2l
10월 15일,누가복음 7-12장,https://www.youtube.com/playlist?list=PL-MVshquUXWHpHYjToOX1-HALoUSQVceR
10월 16일,누가복음 13-18장,https://www.youtube.com/playlist?list=PL-MVshquUXWGZ04oM0pxJPbJLQ5dvLcGC
10월 17일,누가복음 19-24장,https://www.youtube.com/playlist?list=PL-MVshquUXWET4yFg6H_POSA-cjihFM3L
10월 18일,요한복음 1-5장,https://www.youtube.com/playlist?list=PL-MVshquUXWGKQrHxxo6EygupkGb3oJhL
10월 19일,요한복음 6-10장,https://www.youtube.com/playlist?list=PL-MVshquUXWF6wVRj4r6eJO2ZzIddPdyv
10월 21일,요한복음 11-15장,https://www.youtube.com/playlist?list=PL-MVshquUXWGXSqbs8JCt_w8jMo8bfiyD
10월 22일,요한복음 16-21장,https://www.youtube.com/playlist?list=PL-MVshquUXWH95dStzxkG9b5ZXbFevBGP
10월 23일,사도행전 1-5장,https://www.youtube.com/playlist?list=PL-MVshquUXWGcQ-z1yhHkZx6pwdmrAhnj
10월 24일,사도행전 6-10장,https://www.youtube.com/playlist?list=PL-MVshquUXWFanim50PhPEkcpsCHuokyJ
10월 25일,사도행전 11장-15:35절,https://www.youtube.com/playlist?list=PL-MVshquUXWHqc3-GFDzM7pvgSfhZwwxJ
10월 26일,사도행전 15:36절-18:22절,https://www.youtube.com/playlist?list=PL-MVshquUXWFk1VzR8gv4sNSzCSQpuB3S
10월 28일,데살로니가전서 1-5장,https://www.youtube.com/playlist?list=PL-MVshquUXWFvs02CAzAilrEfBOz2IF9j
10월 29일,데살로니가후서 1-3장,https://www.youtube.com/playlist?list=PL-MVshquUXWFvK5kPpAy5MQ3vEafukK-f
10월 30일,갈라디아서 1-6장,https://www.youtube.com/playlist?list=PL-MVshquUXWEcD8TPvAyAlVQjHtvcTv-T
10월 31일,"사도행전 18:23절-19장, 고린도전서 1-5장 ",https://www.youtube.com/playlist?list=PL-MVshquUXWEYW23ghVThEIxUNtWWVnQa
11월 1일,고린도전서 6-11장,https://www.youtube.com/playlist?list=PL-MVshquUXWHImWn_bkvggQbxFQct9y8k
11월 2일,고린도전서 12-16장,https://www.youtube.com/playlist?list=PL-MVshquUXWFkrmoN9wyFxPTl1gX586E_
11월 4일,고린도후서 1-6장,https://www.youtube.com/playlist?list=PL-MVshquUXWGHIn92OolyKpz526llSgTB
11월 5일,고린도후서 7-13장,https://www.youtube.com/playlist?list=PL-MVshquUXWEpumtdlBL8tXT9cby5FyK3
11월 6일,"사도행전 20:1-6절, 로마서 1-5장 ",https://www.youtube.com/playlist?list=PL-MVshquUXWGHH1HqGTY2_QkIDu3PFJN3
11월 7일,로마서 6-10장,https://www.youtube.com/playlist?list=PL-MVshquUXWHQ8LjKQvbE_KUxDMZx0h6G
11월 8일,로마서 11-16장,https://www.youtube.com/playlist?list=PL-MVshquUXWGjk5AvrJqt77WWrs9wFD_q
11월 9일,사도행전 20:7절-23장,https://www.youtube.com/playlist?list=PL-MVshquUXWGq8hwvliwia5Lk9oYNmL3F
11월 11일,사도행전 24-28장,https://www.youtube.com/playlist?list=PL-MVshquUXWHSkhIAaUR891jygk4WNsPM
11월 12일,에베소서 1-6장,https://www.youtube.com/playlist?list=PL-MVshquUXWEgSBa6t_hRF2EvHViCATWt
11월 13일,빌립보서 1-4장,https://www.youtube.com/playlist?list=PL-MVshquUXWHxOuwEwE0W4ZZmhEOd-bJn
11월 14일,"골로새서 1-4장, 빌레몬서 1장 ",https://www.youtube.com/playlist?list=PL-MVshquUXWGMrlG5BtaGwJdOSmDrzY1o
11월 15일,디모데전서 1-6장,https://www.youtube.com/playlist?list=PL-MVshquUXWEN_Xz5spaVIZAdtw8vsJL-
11월 16일,디도서 1-3장,https://www.youtube.com/playlist?list=PL-MVshquUXWHji_Buic1Whxzjl7tl2MSp
11월 18일,디모데후서 1-4장,https://www.youtube.com/playlist?list=PL-MVshquUXWHpVoIxPKkb8AAM54-rpdmK
11월 19일,히브리서 1-5장,https://www.youtube.com/playlist?list=PL-MVshquUXWFpvNF4THrrVf3Wt3gxic3W
11월 20일,히브리서 6-10장,https://www.youtube.com/playlist?list=PL-MVshquUXWF6nJoUXmFXccvqzO6kPaDy
11월 21일,히브리서 11-13장,https://www.youtube.com/playlist?list=PL-MVshquUXWF2PpY-9IQA7IhKym_H7Scx
11월 22일,야고보서 1-5장,https://www.youtube.com/playlist?list=PL-MVshquUXWGiZvrF8hO880h4tpDzmena
11월 23일,베드로전서 1-5장,https://www.youtube.com/playlist?list=PL-MVshquUXWEl_mYaz8AI6x1g-r8EtvDn
11월 25일,베드로후서 1-3장,https://www.youtube.com/playlist?list=PL-MVshquUXWHtXhOMP_J2NbaS10-lzWeI
11월 26일,요한일서 1-5장,https://www.youtube.com/playlist?list=PL-MVshquUXWE6N67r5QE2Vhl2qMaOAsQq
11월 27일,"요한이서 1장, 요한삼서 1장, 유다서 1장 ",https://www.youtube.com/playlist?list=PL-MVshquUXWFFqMlTb3YtVFMfFTjEqqvV
11월 28일,요한계시록 1-3장,https://www.youtube.com/playlist?list=PL-MVshquUXWE7CobXjxIQgyjrAbZd66gY
11월 29일,요한계시록 4-7장,https://www.youtube.com/playlist?list=PL-MVshquUXWFd63jAbjfh3Kh_IiZcxNme
11월 30일,요한계시록 8-11장,https://www.youtube.com/playlist?list=PL-MVshquUXWEyX3daylg6hl2umP-qxC3Q
12월 2일,요한계시록 12-15장,https://www.youtube.com/playlist?list=PL-MVshquUXWEggSEEZmnXN6xrN5_ys4vD
12월 3일,요한계시록 16-18장,https://www.youtube.com/playlist?list=PL-MVshquUXWH8YkHMNahVckcsq5BXzvl5
12월 4일,요한계시록 19-22장,https://www.youtube.com/playlist?list=PL-MVshquUXWExrErkF2XXy-FB6UKJahBO